OPM Series Number,OPM Series Title,OPM Series Category,2010 SOC Code,2010 EEO Tabulation (Census) Code,2010 EEO Tabulation (Census) Occupation Title,
GS-801,General Engineer,GENERAL ENGINEERING,17-21,GS-1530,"MISCELLANEOUS ENGINEERS, INCLUDING NUCLEAR ENGINEERS 
GS-0803,Safety Engineer,SAFETY ENGINEERING,17-2110,1430,"INDUSTRIAL ENGINEERS, INCLUDING HEALTH & SAFETY 
GS-0804,Fire Protection Engineer,FIRE PROTECTION ENGINEERING,17-2110,1430,"INDUSTRIAL ENGINEERS, INCLUDING HEALTH & SAFETY 
GS-0806,Materials Engineer,MATERIALS ENGINEERING,17-2131,1450,MATERIALS ENGINEERS,
GS-0806,Materials Engineer (Ceramics),MATERIALS ENGINEERING,17-2131,1450,MATERIALS ENGINEERS,
GS-0808,Architect,ARCHITECTURE,17-1010,1300,ARCHITECTS,
GS-0807,Landscape Architect,LANDSCAPE ARCHITECTURE,17-1010,1300,ARCHITECTS,
GS-0810,Civil Engineer,CIVIL ENGINEERING,17-2051,GS-1360,CIVIL ENGINEERS,
GS-0810,Civil Engineer (Structural),CIVIL ENGINEERING,17-2051,GS-1360,CIVIL ENGINEERS,
GS-0819,Environmental Engineer,ENVIRONMENTAL ENGINEERING,17-2081,GS-1420,ENVIRONMENTAL ENGINEERS,
GS-0830,Mechanical Engineer,MECHANICAL ENGINEERING,17-2141,1460,MECHANICAL ENGINEERS,
GS-0840,Nuclear Engineer,NUCLEAR ENGINEERING,17-21,GS-1530,"MISCELLANEOUS ENGINEERS, INCLUDING NUCLEAR ENGINEERS 
GS-0854,Computer Engineer,COMPUTER ENGINEERING,17-2061,1400,COMPUTER HARDWARE ENGINEERS,
GS-0850,Electrical Engineer,ELECTRICAL ENGINEERING,17-2070,GS-1410,ELECTRICAL & ELECTRONIC ENGINEERS,
GS-0855,Electronics Engineer,ELECTRONICS ENGINEERING,17-2070,GS-1410,ELECTRICAL & ELECTRONIC ENGINEERS,
GS-0871,Naval Architect,NAVAL ARCHITECTURE,17-2121,1440,MARINE ENGINEERS & NAVAL ARCHITECTS,
GS-0893,Chemical Engineer,CHEMICAL ENGINEERING,17-2041,1350,CHEMICAL ENGINEERS,
GS-801,Welding Engineer,GENERAL ENGINEERING,17-21,GS-1530,"MISCELLANEOUS ENGINEERS, INCLUDING NUCLEAR ENGINEERS 
GS-0896,Industrial Engineer,INDUSTRIAL ENGINEERING,17-2110,1430,"INDUSTRIAL ENGINEERS, INCLUDING HEALTH & SAFETY 
GS-0861,Aerospace Engineer,AEROSPACE ENGINEERING,17-2011,GS-1320,AEROSPACE ENGINEERS,
GS-1301,Physical Scientist,GENERAL PHYSICAL SCIENCE,19-2099,1760,"PHYSICAL SCIENTISTS, ALL OTHER 
GS-1306,Health Physicist,HEALTH PHYSICS,19-2010,1700,ASTRONOMERS & PHYSICISTS,
GS-1310,Physicist,PHYSICS,19-2010,1700,ASTRONOMERS & PHYSICISTS,
GS-1320,Chemist,CHEMISTRY,19-2030,GS-1720,CHEMISTS & MATERIALS SCIENTISTS,
GS-1321,Metallurgist,METALLURGY,19-2030,GS-1720,CHEMISTS & MATERIALS SCIENTISTS,
GS-1340,Meteorologist,METEOROLOGY,19-2021,1710,ATMOSPHERIC & SPACE SCIENTISTS,
GS-1520,Mathematician,MATHEMATICS,15-20,1240,"MISCELLANEOUS MATHEMATICAL SCIENCE OCCUPATIONS, INCLUDING MATHEMATICIANS & STATISTICIANS 
GS-1501,Mathematician and Statistician,GENERAL MATHEMATICS AND STATISTICS,15-20,1240,"MISCELLANEOUS MATHEMATICAL SCIENCE OCCUPATIONS, INCLUDING MATHEMATICIANS & STATISTICIANS 
GS-1529,Mathematical Statistician,MATHEMATICAL STATISTICS,15-20,1240,"MISCELLANEOUS MATHEMATICAL SCIENCE OCCUPATIONS, INCLUDING MATHEMATICIANS & STATISTICIANS 
GS-1550,Computer Scientist,COMPUTER SCIENCE,15-1111,1005,COMPUTER & INFORMATION RESEARCH SCIENTISTS,
GS-1530,Statistician,STATISTICS,15-20,1240,"MISCELLANEOUS MATHEMATICAL SCIENCE OCCUPATIONS, INCLUDING MATHEMATICIANS & STATISTICIANS 
GS-1515,Operations Research Analyst,OPERATIONS RESEARCH,15-2031,1220,OPERATIONS RESEARCH ANALYSTS,
GS-0471,Agronomist,AGRONOMY,19-1010,1600,AGRICULTURAL & FOOD SCIENTISTS,
GS-1370,Cartographer,CARTOGRAPHY,17-1020,GS-1310,"SURVEYORS, CARTOGRAPHERS, & PHOTOGRAMMETRISTS 
GS-0150,Geographer,GEOGRAPHY,19-30,1860,"MISCELLANEOUS SOCIAL SCIENTISTS, INCLUDING SURVEY RESEARCHERS & SOCIOLOGISTS# 
GS-1386,Photographic Technologist,PHOTOGRAPHIC TECHNOLOGYSeries Discontinued,19-2099,1760,"PHYSICAL SCIENTISTS, ALL OTHER 
GS-801,Expert (Engineering),GENERAL ENGINEERING,17-21,GS-1530,"MISCELLANEOUS ENGINEERS, INCLUDING NUCLEAR ENGINEERS 
GS-801,Consultant (Engineering),GENERAL ENGINEERING,17-21,GS-1530,"MISCELLANEOUS ENGINEERS, INCLUDING NUCLEAR ENGINEERS 
GS-0899,Student Trainee (Engineering),ENGINEERING  ARCHITECTURE STUDENT TRAINEE,17-21,GS-1530,"MISCELLANEOUS ENGINEERS, INCLUDING NUCLEAR ENGINEERS 
GS-0802,Engineering Aid,ENGINEERING TECHNICAL,17-3020,GS-1550,"ENGINEERING TECHNICIANS, EXCEPT DRAFTERS 
GS-0802,Engineering Technician (Architecture),ENGINEERING TECHNICAL,17-3020,GS-1550,"ENGINEERING TECHNICIANS, EXCEPT DRAFTERS 
GS-0802,Engineering Technician (Civil),ENGINEERING TECHNICAL,17-3020,GS-1550,"ENGINEERING TECHNICIANS, EXCEPT DRAFTERS 
GS-0802,Engineering Technician (Chemical),ENGINEERING TECHNICAL,17-3020,GS-1550,"ENGINEERING TECHNICIANS, EXCEPT DRAFTERS 
GS-0802,Engineering Technician (Mining),ENGINEERING TECHNICAL,17-3020,GS-1550,"ENGINEERING TECHNICIANS, EXCEPT DRAFTERS 
GS-0802,Engineering Technician (Electrical),ENGINEERING TECHNICAL,17-3020,GS-1550,"ENGINEERING TECHNICIANS, EXCEPT DRAFTERS 
GS-0802,Engineering Technician,ENGINEERING TECHNICAL,17-3020,GS-1550,"ENGINEERING TECHNICIANS, EXCEPT DRAFTERS 
GS-0802,Engineering Technician (Materials),ENGINEERING TECHNICAL,17-3020,GS-1550,"ENGINEERING TECHNICIANS, EXCEPT DRAFTERS 
GS-0802,Engineering Technician (Mechanical),ENGINEERING TECHNICAL,17-3020,GS-1550,"ENGINEERING TECHNICIANS, EXCEPT DRAFTERS 
GS-0802,Engineering Technician (Nuclear),ENGINEERING TECHNICAL,17-3020,GS-1550,"ENGINEERING TECHNICIANS, EXCEPT DRAFTERS 
GS-0802,Engineering Technician (Naval Architecture),ENGINEERING TECHNICAL,17-3020,GS-1550,"ENGINEERING TECHNICIANS, EXCEPT DRAFTERS 
GS-0895,Industrial Engineering Technician,INDUSTRIAL ENGINEERING TECHNICAL,17-3020,GS-1550,"ENGINEERING TECHNICIANS, EXCEPT DRAFTERS 
GS-0802,Engineering Technician (Aerospace),ENGINEERING TECHNICAL,17-3020,GS-1550,"ENGINEERING TECHNICIANS, EXCEPT DRAFTERS 
GS-0895,Industrial Engineering Aid,INDUSTRIAL ENGINEERING TECHNICAL,17-3020,GS-1550,"ENGINEERING TECHNICIANS, EXCEPT DRAFTERS 
GS-0802,Engineering Technician (Petroleum),ENGINEERING TECHNICAL,17-3020,GS-1550,"ENGINEERING TECHNICIANS, EXCEPT DRAFTERS 
GS-0802,Engineering Technician (Drafting),ENGINEERING TECHNICAL,17-3020,GS-1550,"ENGINEERING TECHNICIANS, EXCEPT DRAFTERS 
GS-0856,Electronics Technician,ELECTRONICS TECHNICAL,17-3020,GS-1550,"ENGINEERING TECHNICIANS, EXCEPT DRAFTERS 
GS-0856,Electronics Aid,ELECTRONICS TECHNICAL,17-3020,GS-1550,"ENGINEERING TECHNICIANS, EXCEPT DRAFTERS 
GS-1603,"Equipment, Facilities, and Services Assistant EQUIPMENT FACILITIES  SERVICES ASSISTANCE,43-9,5940,"MISCELLANEOUS OFFICE & ADMINISTRATIVE SUPPORT WORKERS, INCLUDING DESKTOP PUBLISHERS 
GS-1603,Facility Services Assistant,EQUIPMENT FACILITIES  SERVICES ASSISTANCE,43-9,5940,"MISCELLANEOUS OFFICE & ADMINISTRATIVE SUPPORT WORKERS, INCLUDING DESKTOP PUBLISHERS 
GS-1603,Printing Services Assistant,EQUIPMENT FACILITIES  SERVICES ASSISTANCE,43-9,5940,"MISCELLANEOUS OFFICE & ADMINISTRATIVE SUPPORT WORKERS, INCLUDING DESKTOP PUBLISHERS 
GS-1521,Mathematics Technician,MATHEMATICS TECHNICIAN,15-20,1240,"MISCELLANEOUS MATHEMATICAL SCIENCE OCCUPATIONS, INCLUDING MATHEMATICIANS & STATISTICIANS 
GS-1521,Mathematics Aid,MATHEMATICS TECHNICIAN,15-20,1240,"MISCELLANEOUS MATHEMATICAL SCIENCE OCCUPATIONS, INCLUDING MATHEMATICIANS & STATISTICIANS 
GS-1311,Physical Science Technician,PHYSICAL SCIENCE TECHNICIAN,19-40,1965,"MISCELLANEOUS LIFE, PHYSICAL, & SOCIAL SCIENCE TECHNICIANS, INCLUDING SOCIAL SCIENCE RESEARCH ASSISTANTS# 
GS-0404,Biological Science Aid,BIOLOGICAL SCIENCE TECHNICIAN,19-4021,GS-1910,BIOLOGICAL TECHNICIANS,
GS-0404,Biological Science Technician,BIOLOGICAL SCIENCE TECHNICIAN,19-4021,GS-1910,BIOLOGICAL TECHNICIANS,
GS-0019,Safety Technician,SAFETY TECHNICIAN,29-9000,3540,OTHER HEALTHCARE PRACTITIONERS & TECHNICAL OCCUPATIONS,
GS-1802,"Compliance, Inspection, and Support Technician COMPLIANCE INSPECTION  SUPPORT,13-1041,565,COMPLIANCE OFFICERS,
GS-0645,Medical Technician,MEDICAL TECHNICIAN,29-2010,3300,CLINICAL LABORATORY TECHNOLOGISTS & TECHNICIANS,
GS-0099,Student Trainee (General),GENERAL STUDENT TRAINEE,43-9,5940,"MISCELLANEOUS OFFICE & ADMINISTRATIVE SUPPORT WORKERS, INCLUDING DESKTOP PUBLISHERS 
GS-0199,Student Trainee (Social Science),SOCIAL SCIENCE STUDENT TRAINEE,19-30,1860,"MISCELLANEOUS SOCIAL SCIENTISTS, INCLUDING SURVEY RESEARCHERS & SOCIOLOGISTS# 
GS-0499,Student Trainee (Biological Sciences),BIOLOGICAL SCIENCE STUDENT TRAINEE,19-1020,1610,BIOLOGICAL SCIENTISTS,
GS-0899,Student Trainee (Engineering),ENGINEERING  ARCHITECTURE STUDENT TRAINEE,17-21,GS-1530,"MISCELLANEOUS ENGINEERS, INCLUDING NUCLEAR ENGINEERS 
GS-1399,Student Trainee (Physical Sciences),PHYSICAL SCIENCE STUDENT TRAINEE,19-2099,1760,"PHYSICAL SCIENTISTS, ALL OTHER 
GS-1599,Student Trainee (Mathematics and Statistics),MATHEMATICS  STATISTICS STUDENT TRAINEE,15-20,1240,"MISCELLANEOUS MATHEMATICAL SCIENCE OCCUPATIONS, INCLUDING MATHEMATICIANS & STATISTICIANS 
GS-0699,Student Trainee (Medical and Health),MEDICAL  HEALTH STUDENT TRAINEE,29-9000,3540,OTHER HEALTHCARE PRACTITIONERS & TECHNICAL OCCUPATIONS,
GS-0899,Student Trainee (Engineering Technician),ENGINEERING  ARCHITECTURE STUDENT TRAINEE,17-21,GS-1530,"MISCELLANEOUS ENGINEERS, INCLUDING NUCLEAR ENGINEERS 
GS-0799,Student Trainee (Veterinary Medical Science),VETERINARY STUDENT TRAINEE,29-1131,3250,VETERINARIANS,
GS-1020,Illustrator,ILLUSTRATING,27-1010,2600,ARTISTS & RELATED WORKERS,
GS-1060,Photographer,PHOTOGRAPHY,27-4021,2910,PHOTOGRAPHERS,
GS-1060,Photographer (Laboratory),PHOTOGRAPHY,27-4021,2910,PHOTOGRAPHERS,
GS-1060,Photographer (Scientific and Technical),PHOTOGRAPHY,27-4021,2910,PHOTOGRAPHERS,
GS-1910-1,Quality Assurance Specialist,QUALITY ASSURANCE,13-1199,740,"BUSINESS OPERATIONS SPECIALISTS, ALL OTHER# 
GS-0809,Construction Control Representative,CONSTRUCTION CONTROL TECHNICAL,47-4011,6660,CONSTRUCTION & BUILDING INSPECTORS,
GS-0809,Construction Control Inspector,CONSTRUCTION CONTROL TECHNICAL,47-4011,6660,CONSTRUCTION & BUILDING INSPECTORS,
GS-0081,Fire Protection Specialist,FIRE PROTECTION  PREVENTION,33-2011,3740,FIREFIGHTERS,
GS-0081,Fire Protection Inspector,FIRE PROTECTION  PREVENTION,33-2011,3740,FIREFIGHTERS,
GS-0081,Firefighter,FIRE PROTECTION  PREVENTION,33-2011,3740,FIREFIGHTERS,
GS-0085,Security Guard,SECURITY GUARD,33-9030,3930,SECURITY GUARDS & GAMING SURVEILLANCE OFFICERS,
GS-1152,Production Controller,PRODUCTION CONTROL,ov-51,140,INDUSTRIAL PRODUCTION MANAGERS,
GS-1152-0,Production Controller (Aerospace),PRODUCTION CONTROL,ov-51,140,INDUSTRIAL PRODUCTION MANAGERS,
GS-2185-0,Flight Engineer,AIRCREW TECHNICIAN,49-3011,7140,AIRCRAFT MECHANICS & SERVICE TECHNICIANS,
GS-0303-0,Clerk,MISCELLANEOUS CLERK  ASSISTANT,43-9,5940,"MISCELLANEOUS OFFICE & ADMINISTRATIVE SUPPORT WORKERS, INCLUDING DESKTOP PUBLISHERS 
GS-0303-0,Administrative Support Assistant,MISCELLANEOUS CLERK  ASSISTANT,43-9,5940,"MISCELLANEOUS OFFICE & ADMINISTRATIVE SUPPORT WORKERS, INCLUDING DESKTOP PUBLISHERS 
GS-0302-0,Messenger,MESSENGER,43-5021,5510,COURIERS & MESSENGERS,
GS-0304-0,Information Receptionist,INFORMATION RECEPTIONIST,43-4171,5400,RECEPTIONISTS & INFORMATION CLERKS,
GS-0305-0,Mail and File Clerk,MAIL  FILE,43-9051,5850,"MAIL CLERKS & MAIL MACHINE OPERATORS, EXCEPT POSTAL SERVICE 
GS-0305-0,Mail Clerk,MAIL  FILE,43-9051,5850,"MAIL CLERKS & MAIL MACHINE OPERATORS, EXCEPT POSTAL SERVICE 
GS-0305-0,File Clerk,MAIL  FILE,43-9051,5850,"MAIL CLERKS & MAIL MACHINE OPERATORS, EXCEPT POSTAL SERVICE 
GS-0305-0,Mail and File Assistant,MAIL  FILE,43-9051,5850,"MAIL CLERKS & MAIL MACHINE OPERATORS, EXCEPT POSTAL SERVICE 
GS-0309-0,Correspondence Clerk,CORRESPONDENCE CLERK,43-4,5350,CORRESPONDENCE CLERKS & ORDER CLERKS,
GS-0203-0,Human Resources Assistant,HUMAN RESOURCESASSISTANCE,43-4161,5360,"HUMAN RESOURCES ASSISTANTS, EXCEPT PAYROLL AND TIEMKEEPING 
GS-0203-0,Human Resources Assistant (Information Systems),HUMAN RESOURCESASSISTANCE,43-4161,5360,"HUMAN RESOURCES ASSISTANTS, EXCEPT PAYROLL AND TIEMKEEPING 
GS-0203-0,Human Resources Assistant (Classification),HUMAN RESOURCESASSISTANCE,43-4161,5360,"HUMAN RESOURCES ASSISTANTS, EXCEPT PAYROLL AND TIEMKEEPING 
GS-0203-0,Human Resources Assistant (Recruitment and Placement),HUMAN RESOURCESASSISTANCE,43-4161,5360,"HUMAN RESOURCES ASSISTANTS, EXCEPT PAYROLL AND TIEMKEEPING 
GS-0203-0,Human Resources Assistant (Employee Benefits),HUMAN RESOURCESASSISTANCE,43-4161,5360,"HUMAN RESOURCES ASSISTANTS, EXCEPT PAYROLL AND TIEMKEEPING 
GS-0203-0,Human Resources Assistant (Human Resource Development),HUMAN RESOURCESASSISTANCE,43-4161,5360,"HUMAN RESOURCES ASSISTANTS, EXCEPT PAYROLL AND TIEMKEEPING 
GS-0203-0,Human Resources Assistant (Performance Management),HUMAN RESOURCESASSISTANCE,43-4161,5360,"HUMAN RESOURCES ASSISTANTS, EXCEPT PAYROLL AND TIEMKEEPING 
GS-0203-0,Human Resources Assistant (Employee Relations),HUMAN RESOURCESASSISTANCE,43-4161,5360,"HUMAN RESOURCES ASSISTANTS, EXCEPT PAYROLL AND TIEMKEEPING 
GS-0203-0,Human Resources Assistant (Labor Relations),HUMAN RESOURCESASSISTANCE,43-4161,5360,"HUMAN RESOURCES ASSISTANTS, EXCEPT PAYROLL AND TIEMKEEPING 
GS-1702-0,Educational and Training Technician,EDUCATION  TRAINING TECHNICIANS,25-90,2550,"OTHER EDUCATION, TRAINING & LIBRARY WORKERS 
GS-0203-0,Human Resources Assistant (OA,HUMAN RESOURCESASSISTANCE,43-4161,5360,"HUMAN RESOURCES ASSISTANTS, EXCEPT PAYROLL AND TIEMKEEPING 
GS-0303-0,Resources Assistant,MISCELLANEOUS CLERK  ASSISTANT,43-9,5940,"MISCELLANEOUS OFFICE & ADMINISTRATIVE SUPPORT WORKERS, INCLUDING DESKTOP PUBLISHERS 
GS-0361-0,Equal Opportunity Assistant,EQUAL OPPORTUNITY ASSISTANCE,43-9,5940,"MISCELLANEOUS OFFICE & ADMINISTRATIVE SUPPORT WORKERS, INCLUDING DESKTOP PUBLISHERS 
GS-0086-0,Security Assistant,SECURITY CLERICAL  ASSISTANCE,43-9,5940,"MISCELLANEOUS OFFICE & ADMINISTRATIVE SUPPORT WORKERS, INCLUDING DESKTOP PUBLISHERS 
GS-1603-0,Printing Services Assistant,EQUIPMENT FACILITIES  SERVICES ASSISTANCE,43-9,5940,"MISCELLANEOUS OFFICE & ADMINISTRATIVE SUPPORT WORKERS, INCLUDING DESKTOP PUBLISHERS 
GS-1046-0,Language Clerk,LANGUAGE CLERICAL,43-9,5940,"MISCELLANEOUS OFFICE & ADMINISTRATIVE SUPPORT WORKERS, INCLUDING DESKTOP PUBLISHERS 
GS-1087-0,Editorial Assistant,EDITORIAL ASSISTANCE,43-9081,5910,PROOFREADERS & COPY MARKERS,
GS-1531-0,Statistical Assistant,STATISTICAL ASSISTANT,43-9111,5920,STATISTICAL ASSISTANTS,
GS-1021-0,Office Draftsman,OFFICE DRAFTINGSeries Discontinued,17-3010,1540,DRAFTERS,
GS-0335-0,Computer Assistant,COMPUTER CLERK  ASSISTANT,43-9011,5800,COMPUTER OPERATORS,
GS-1421-0,Archives Technician,ARCHIVES TECHNICIAN,25-4010,2400,"ARCHIVISTS, CURATORS & MUSEUM TECHNICIANS 
GS-0675-0,Medical Records Technician,MEDICAL RECORDS TECHNICIAN,29-2071,3510,MEDICAL RECORDS & HEALTH INFORMATION TECHNICIANS,
GS-0394-0,Communications Clerk,COMMUNICATIONS CLERICAL,43-2099,5030,"COMMUNICATIONS EQUIPMENT OPERATORS, ALL OTHER 
GS-0318-0,Secretary,SECRETARY,43-6010,5700,SECRETARIES & ADMINISTRATIVE ASSISTANTS,
GS-0318-0,Secretary (Stenography),SECRETARY,43-6010,5700,SECRETARIES & ADMINISTRATIVE ASSISTANTS,
GS-0318-0,Secretary (Typing),SECRETARY,43-6010,5700,SECRETARIES & ADMINISTRATIVE ASSISTANTS,
GS-0318-0,Secretary (Stenography/Office Automation),SECRETARY,43-6010,5700,SECRETARIES & ADMINISTRATIVE ASSISTANTS,
GS-0318-0,Secretary (Office Automation),SECRETARY,43-6010,5700,SECRETARIES & ADMINISTRATIVE ASSISTANTS,
GS-0313-0,Work Unit Supervisor,WORK UNIT SUPERVISING,43-1011,5000,FIRST-LINE SUPERVISORS OF OFFICE & ADMINISTRATIVE SUPPORT WORKERS,
GS-0322-0,Clerk-Typist,CLERKTYPIST,43-9022,5820,WORD PROCESSORS & TYPISTS,
GS-0319-0,Closed Microphone Reporter,CLOSED MICROPHONE REPORTER,23-2090,2160,MISCELLANEOUS LEGAL SUPPORT WORKERS,
GS-0326-0,Office Automation Clerk,OFFICE AUTOMATION CLERICAL  ASSISTANCE,43-9022,5820,WORD PROCESSORS & TYPISTS,
GS-0326-0,Office Automation Assistant,OFFICE AUTOMATION CLERICAL  ASSISTANCE,43-9022,5820,WORD PROCESSORS & TYPISTS,
GS-0303-0,Management Support Clerk,MISCELLANEOUS CLERK  ASSISTANT,43-9,5940,"MISCELLANEOUS OFFICE & ADMINISTRATIVE SUPPORT WORKERS, INCLUDING DESKTOP PUBLISHERS 
GS-0303-0,Management Support Assistant,MISCELLANEOUS CLERK  ASSISTANT,43-9,5940,"MISCELLANEOUS OFFICE & ADMINISTRATIVE SUPPORT WORKERS, INCLUDING DESKTOP PUBLISHERS 
GS-0303-0,Executive Support Assistant,MISCELLANEOUS CLERK  ASSISTANT,43-9,5940,"MISCELLANEOUS OFFICE & ADMINISTRATIVE SUPPORT WORKERS, INCLUDING DESKTOP PUBLISHERS 
GS-0350-0,Equipment Operator,EQUIPMENT OPERATOR,43-9071,5900,"OFFICE MACHINE OPERATORS, EXCEPT COMPUTERS 
GS-0332-0,Computer Operator,COMPUTER OPERATION,43-9011,5800,COMPUTER OPERATORS,
GS-0356-0,Data Transcriber,DATA TRANSCRIBER,43-9021,5810,DATA ENTRY KEYERS,
GS-0299-0,Student Trainee,HUMAN RESOURCES MANAGEMENT STUDENT TRAINEE,13-1070,GS-0630,HUMAN RESOURCES WORKERS,
GS-0399-0,Student Trainee (Administrative),ADMINISTRATION  OFFICE SUPPORT STUDENT TRAINEE,43-9,5940,"MISCELLANEOUS OFFICE & ADMINISTRATIVE SUPPORT WORKERS, INCLUDING DESKTOP PUBLISHERS 
GS-0599-0,Student Trainee (Accounting and Budget),FINANCIAL MANAGEMENT STUDENT TRAINEE,13-2099,GS-0950,"FINANCIAL SPECIALISTS, ALL OTHER 
GS-0999-0,Student Trainee (Legal),LEGAL OCCUPATIONS STUDENT TRAINEE,23-2090,2160,MISCELLANEOUS LEGAL SUPPORT WORKERS,
GS-1099-0,Student Trainee (Information and Arts),INFORMATION  ARTS STUDENT TRAINEE,27-1010,2600,ARTISTS & RELATED WORKERS,
GS-1099-0,Student Trainee (Public Affairs),INFORMATION  ARTS STUDENT TRAINEE,27-1010,2600,ARTISTS & RELATED WORKERS,
GS-1099-0,Student Trainee (Writing and Editing),INFORMATION  ARTS STUDENT TRAINEE,27-1010,2600,ARTISTS & RELATED WORKERS,
GS-1199-0,Student Trainee (Business and Industry),BUSINESS  INDUSTRY STUDENT TRAINEE,13-1199,740,"BUSINESS OPERATIONS SPECIALISTS, ALL OTHER 
GS-1199-0,Student Trainee (Procurement),BUSINESS  INDUSTRY STUDENT TRAINEE,13-1199,740,"BUSINESS OPERATIONS SPECIALISTS, ALL OTHER 
GS-1299-0,Student Trainee (Copyright and Patent),COPYRIGHT  PATENT STUDENT TRAINEE,23-2090,2160,MISCELLANEOUS LEGAL SUPPORT WORKERS,
GS-1499-0,Student Trainee (Library and Archives),LIBRARY  ARCHIVES STUDENT TRAINEE,25-90,2550,"OTHER EDUCATION, TRAINING & LIBRARY WORKERS 
GS-1699-0,"Student Trainee (Equipment, Facilities, and Services) EQUIPMENT FACILITIES  SERVICES STUDENT TRAINEE,13-1199,740,"BUSINESS OPERATIONS SPECIALISTS, ALL OTHER# 
GS-1799-0,Student Trainee (Education),EDUCATION STUDENT TRAINEE,25-3000,2340,OTHER TEACHERS & INSTRUCTORS,
GS-1899-0,Student Trainee (Investigation),INVESTIGATION STUDENT TRAINEE,13-1041,565,COMPLIANCE OFFICERS,
GS-2099-0,Student Trainee (Supply),SUPPLY STUDENT TRAINEE,13-1199,740,"BUSINESS OPERATIONS SPECIALISTS, ALL OTHER# 
GS-2199-0,Student Trainee (Transportation),TRANSPORTATION STUDENT TRAINEE,53-60,9420,"MISCELLANEOUS TRANSPORTATION WORKERS, INCLUDING BRIDGE & LOCK TENDERS & TRAFFIC TECHNICIANS 
GS-2299-0,Student Trainee (Information Technology),INFORMATION TECHNOLOGY TRAINEE,15-1150,1050,COMPUTER SUPPORT SPECIALISTS#,
GS-1999-0,Student Trainee (Quality Assurance),QUALITY INSPECTION STUDENT TRAINEE,51-9061,8740,"INSPECTORS, TESTERS, SORTERS, SAMPLERS, & WEIGHERS 
GS-0299-0,Student Trainee (Equal Employment Opportunity),HUMAN RESOURCES MANAGEMENT STUDENT TRAINEE,13-1070,GS-0630,HUMAN RESOURCES WORKERS,
GS-0399-0,Student Trainee (Office Support),ADMINISTRATION  OFFICE SUPPORT STUDENT TRAINEE,43-9,5940,"MISCELLANEOUS OFFICE & ADMINISTRATIVE SUPPORT WORKERS, INCLUDING DESKTOP PUBLISHERS 
GS-0344-0,Management Assistant,MANAGEMENT  PROGRAM CLERICAL  ASSISTANCE,43-9,5940,"MISCELLANEOUS OFFICE & ADMINISTRATIVE SUPPORT WORKERS, INCLUDING DESKTOP PUBLISHERS 
GS-0344-0,Program Assistant,MANAGEMENT  PROGRAM CLERICAL  ASSISTANCE,43-9,5940,"MISCELLANEOUS OFFICE & ADMINISTRATIVE SUPPORT WORKERS, INCLUDING DESKTOP PUBLISHERS 
GS-0344-0,Management and Program Assistant,MANAGEMENT  PROGRAM CLERICAL  ASSISTANCE,43-9,5940,"MISCELLANEOUS OFFICE & ADMINISTRATIVE SUPPORT WORKERS, INCLUDING DESKTOP PUBLISHERS 
GS-0344-0,Management and Program Assistant (OA),MANAGEMENT  PROGRAM CLERICAL  ASSISTANCE,43-9,5940,"MISCELLANEOUS OFFICE & ADMINISTRATIVE SUPPORT WORKERS, INCLUDING DESKTOP PUBLISHERS 
GS-0503-0,Financial Technician,FINANCIAL CLERICAL  TECHNICIAN,43-3031,5120,"BOOKKEEPING, ACCOUNTING, & AUDITING CLERKS 
GS-0503-0,Financial Clerk,FINANCIAL CLERICAL  TECHNICIAN,43-3031,5120,"BOOKKEEPING, ACCOUNTING, & AUDITING CLERKS 
GS-0561-0,Budget Technician,BUDGET CLERICAL  ASSISTANCE,43-3031,5120,"BOOKKEEPING, ACCOUNTING, & AUDITING CLERKS 
GS-0561-0,Budget Clerk,BUDGET CLERICAL  ASSISTANCE,43-3031,5120,"BOOKKEEPING, ACCOUNTING, & AUDITING CLERKS 
GS-0525-0,Accounts Maintenance Clerk,ACCOUNTING TECHNICIAN,43-3031,5120,"BOOKKEEPING, ACCOUNTING, & AUDITING CLERKS 
GS-0525-0,Accounting Technician,ACCOUNTING TECHNICIAN,43-3031,5120,"BOOKKEEPING, ACCOUNTING, & AUDITING CLERKS 
GS-0530-0,Cashier,CASH PROCESSING,41-2010,4720,CASHIERS,
GS-0540-0,Voucher Examiner,VOUCHER EXAMINING,43-3031,5120,"BOOKKEEPING, ACCOUNTING, & AUDITING CLERKS 
GS-0544-0,Civilian Pay Technician,CIVILIAN PAY,43-3051,5140,PAYROLL & TIMEKEEPING CLERKS,
GS-1105-0,Purchasing Agent (OA),PURCHASING,13-1023,GS-0530,"PURCHASING AGENTS, EXCEPT WHOLESALE, RETAIL, & FARM PRODUCTS 
GS-1106-0,Procurement Technician,PROCUREMENT CLERICAL  TECHNICIAN,43-3061,5150,PROCUREMENT CLERKS,
GS-1106-0,Procurement Clerk,PROCUREMENT CLERICAL  TECHNICIAN,43-3061,5150,PROCUREMENT CLERKS,
GS-2005-0,Supply Technician,SUPPLY CLERICAL  TECHNICIAN,43-3061,5150,PROCUREMENT CLERKS,
GS-2005-0,Supply Clerk,SUPPLY CLERICAL  TECHNICIAN,43-3061,5150,PROCUREMENT CLERKS,
GS-1107-0,Property Disposal Technician,PROPERTY DISPOSAL CLERICAL  TECHNICIAN,43-9,5940,"MISCELLANEOUS OFFICE & ADMINISTRATIVE SUPPORT WORKERS, INCLUDING DESKTOP PUBLISHERS 
GS-2131-0,Freight Rate Specialist,FREIGHT RATE,43-5011,5500,CARGO & FREIGHT AGENTS,
GS-2144-0,Cargo Scheduler,CARGO SCHEDULING,43-5011,5500,CARGO & FREIGHT AGENTS,
GS-2151-0,Automotive Equipment Dispatcher,DISPATCHING,43-5030,5520,DISPATCHERS,
GS-2102-0,Transportation Assistant,TRANSPORTATION CLERK  ASSISTANT,43-9,5940,"MISCELLANEOUS OFFICE & ADMINISTRATIVE SUPPORT WORKERS, INCLUDING DESKTOP PUBLISHERS 
GS-0986-0,Legal Assistant,LEGAL ASSISTANCE,23-2090,2160,MISCELLANEOUS LEGAL SUPPORT WORKERS,
GS-1202-0,Patent Technician,PATENT TECHNICIAN,23-2090,2160,MISCELLANEOUS LEGAL SUPPORT WORKERS,
GS-0986-0,Legal Assistant (OA),LEGAL ASSISTANCE,23-2090,2160,MISCELLANEOUS LEGAL SUPPORT WORKERS,
GS-1411-0,Library Technician,LIBRARY TECHNICIAN,25-4031,2440,LIBRARY TECHNICIANS,
GS-1001-0,Arts and Information Specialist,GENERAL ARTS  INFORMATION,27-1010,2600,ARTISTS & RELATED WORKERS,
GS-0301-0,Administrative Manager,MISCELLANEOUS ADMINISTRATION  PROGRAM,13-1199,740,"BUSINESS OPERATIONS SPECIALISTS, ALL OTHER 
GS-0341-0,Administrative Officer,ADMINISTRATIVE OFFICER,13-1199,740,"BUSINESS OPERATIONS SPECIALISTS, ALL OTHER 
GS-0301-0,Administrative Specialist,MISCELLANEOUS ADMINISTRATION  PROGRAM,13-1199,740,"BUSINESS OPERATIONS SPECIALISTS, ALL OTHER 
GS-0342-0,Support Services Specialist,SUPPORT SERVICES ADMINISTRATION,11-,100,ADMINISTRATIVE SERVICES MANAGERS,
GS-0341-0,Administrative Assistant,ADMINISTRATIVE OFFICER,13-1199,740,"BUSINESS OPERATIONS SPECIALISTS, ALL OTHER 
GS-0301-0,Executive Assistant,MISCELLANEOUS ADMINISTRATION  PROGRAM,13-1199,740,"BUSINESS OPERATIONS SPECIALISTS, ALL OTHER 
GS-0343-0,Program Analyst,MANAGEMENT  PROGRAM ANALYSIS,13-1111,710,MANAGEMENT ANALYSTS,
GS-0343-0,Program Analysis Officer,MANAGEMENT  PROGRAM ANALYSIS,13-1111,710,MANAGEMENT ANALYSTS,
GS-0301-0,Program Specialist,MISCELLANEOUS ADMINISTRATION  PROGRAM,13-1199,740,"BUSINESS OPERATIONS SPECIALISTS, ALL OTHER 
GS-0343-0,Management Analyst,MANAGEMENT  PROGRAM ANALYSIS,13-1111,710,MANAGEMENT ANALYSTS,
GS-0343-0,Management and Program Analyst,MANAGEMENT  PROGRAM ANALYSIS,13-1111,710,MANAGEMENT ANALYSTS,
GS-0343-0,Management Analysis Officer,MANAGEMENT  PROGRAM ANALYSIS,13-1111,710,MANAGEMENT ANALYSTS,
GS-0343-0,Management and Program Analysis Officer,MANAGEMENT  PROGRAM ANALYSIS,13-1111,710,MANAGEMENT ANALYSTS,
GS-0301-0,Configuration Management Specialist,MISCELLANEOUS ADMINISTRATION  PROGRAM,13-1199,740,"BUSINESS OPERATIONS SPECIALISTS, ALL OTHER 
GS-0301-0,Project Analyst,MISCELLANEOUS ADMINISTRATION  PROGRAM,13-1199,740,"BUSINESS OPERATIONS SPECIALISTS, ALL OTHER 
GS-0301-0,ISO 9000 Specialist,MISCELLANEOUS ADMINISTRATION  PROGRAM,13-1199,740,"BUSINESS OPERATIONS SPECIALISTS, ALL OTHER 
GS-0301-0,Internal Assessment Program Specialist,MISCELLANEOUS ADMINISTRATION  PROGRAM,13-1199,740,"BUSINESS OPERATIONS SPECIALISTS, ALL OTHER 
GS-0301-0,Project Analysis Officer,MISCELLANEOUS ADMINISTRATION  PROGRAM,13-1199,740,"BUSINESS OPERATIONS SPECIALISTS, ALL OTHER 
GS-2210-0,Information Technology Specialist,INFORMATION TECHNOLOGY MANAGEMENT,15-1150,1050,COMPUTER SUPPORT SPECIALISTS,
GS-2210-0,Information Technology Specialist (Network Services),INFORMATION TECHNOLOGY MANAGEMENT,15-1150,1050,COMPUTER SUPPORT SPECIALISTS,
GS-2210-0,Information Technology Specialist (Application Software),INFORMATION TECHNOLOGY MANAGEMENT,15-1150,1050,COMPUTER SUPPORT SPECIALISTS,
GS-2210-0,Information Technology Specialist (Operating Systems),INFORMATION TECHNOLOGY MANAGEMENT,15-1150,1050,COMPUTER SUPPORT SPECIALISTS,
GS-2210-0,Information Technology Specialist (Systems Analysis),INFORMATION TECHNOLOGY MANAGEMENT,15-1150,1050,COMPUTER SUPPORT SPECIALISTS,
GS-2210-0,Information Technology Specialist (Policy and Planning),INFORMATION TECHNOLOGY MANAGEMENT,15-1150,1050,COMPUTER SUPPORT SPECIALISTS,
GS-2210-0,Information Technology Specialist (Security),INFORMATION TECHNOLOGY MANAGEMENT,15-1150,1050,COMPUTER SUPPORT SPECIALISTS,
GS-2210-0,Information Technology Specialist (Data Management),INFORMATION TECHNOLOGY MANAGEMENT,15-1150,1050,COMPUTER SUPPORT SPECIALISTS,
GS-2210-0,Information Technology Specialist (Internet),INFORMATION TECHNOLOGY MANAGEMENT,15-1150,1050,COMPUTER SUPPORT SPECIALISTS,
GS-2210-0,Information Technology Specialist (Systems Administration),INFORMATION TECHNOLOGY MANAGEMENT,15-1150,1050,COMPUTER SUPPORT SPECIALISTS,
GS-2210-0,Information Technology Specialist (Customer Support),INFORMATION TECHNOLOGY MANAGEMENT,15-1150,1050,COMPUTER SUPPORT SPECIALISTS,
GS-2210-0,Information Technology Specialist (Enterprise Architecture),INFORMATION TECHNOLOGY MANAGEMENT,15-1150,1050,COMPUTER SUPPORT SPECIALISTS,
GS-2210-0,IT Project Manager,INFORMATION TECHNOLOGY MANAGEMENT,15-1150,1050,COMPUTER SUPPORT SPECIALISTS,
GS-0391-0,Telecommunications Specialist,TELECOMMUNICATIONS,27-40,2900,"BROADCAST & SOUND ENGINEERING TECHNICIANS AND RADIO OPERATORS, AND MEDIA AND COMMUNICATION EQUIPMENT WORKERS, ALL OTHER# 
GS-0391-0,Telecommunications Manager,TELECOMMUNICATIONS,27-40,2900,"BROADCAST & SOUND ENGINEERING TECHNICIANS AND RADIO OPERATORS, AND MEDIA AND COMMUNICATION EQUIPMENT WORKERS, ALL OTHER# 
GS-2210-0,IT Program Manager,INFORMATION TECHNOLOGY MANAGEMENT,15-1150,1050,COMPUTER SUPPORT SPECIALISTS,
GS-0301-0,RESOURCE MANAGEMENT,MISCELLANEOUS ADMINISTRATION  PROGRAM,13-1199,740,"BUSINESS OPERATIONS SPECIALISTS, ALL OTHER 
GS-1102-0,Contract Negotiator,CONTRACTING,13-1023,GS-0530,"PURCHASING AGENTS, EXCEPT WHOLESALE, RETAIL, & FARM PRODUCTS 
GS-1102-0,Contract Administrator,CONTRACTING,13-1023,GS-0530,"PURCHASING AGENTS, EXCEPT WHOLESALE, RETAIL, & FARM PRODUCTS 
GS-1102-0,Contract Specialist,CONTRACTING,13-1023,GS-0530,"PURCHASING AGENTS, EXCEPT WHOLESALE, RETAIL, & FARM PRODUCTS 
GS-1102-0,Contract Price/Cost Analyst,CONTRACTING,13-1023,GS-0530,"PURCHASING AGENTS, EXCEPT WHOLESALE, RETAIL, & FARM PRODUCTS 
GS-1102-0,Contract Termination Specialist,CONTRACTING,13-1023,GS-0530,"PURCHASING AGENTS, EXCEPT WHOLESALE, RETAIL, & FARM PRODUCTS 
GS-1102-0,Procurement Analyst,CONTRACTING,13-1023,GS-0530,"PURCHASING AGENTS, EXCEPT WHOLESALE, RETAIL, & FARM PRODUCTS 
GS-0301-0,Contract Program Support Specialist,MISCELLANEOUS ADMINISTRATION  PROGRAM,13-1199,740,"BUSINESS OPERATIONS SPECIALISTS, ALL OTHER 
GS-1109-0,Grants Management Specialist,GRANTS MANAGEMENT,13-1199,740,"BUSINESS OPERATIONS SPECIALISTS, ALL OTHER 
GS-2001-0,General Supply Specialist,GENERAL SUPPLY,13-1199,740,"BUSINESS OPERATIONS SPECIALISTS, ALL OTHER# 
GS-2010-0,Inventory Management Specialist,INVENTORY MANAGEMENT,13-1081,700,LOGISTICIANS,
GS-2030-0,Distribution Facilities Specialist,DISTRIBUTION FACILITIES  STORAGE MANAGEMENT,13-1199,740,"BUSINESS OPERATIONS SPECIALISTS, ALL OTHER# 
GS-2003-0,Supply Management Officer,SUPPLY PROGRAM MANAGEMENT,13-1081,700,LOGISTICIANS,
GS-2003-0,Supply Systems Analyst,SUPPLY PROGRAM MANAGEMENT,13-1081,700,LOGISTICIANS,
GS-2003-0,Supply Management Specialist,SUPPLY PROGRAM MANAGEMENT,13-1081,700,LOGISTICIANS,
GS-2010-0,Inventory Management Officer,INVENTORY MANAGEMENT,13-1081,700,LOGISTICIANS,
GS-2030-0,Storage Specialist,DISTRIBUTION FACILITIES  STORAGE MANAGEMENT,13-1199,740,"BUSINESS OPERATIONS SPECIALISTS, ALL OTHER# 
GS-1103-0,Industrial Property Management Specialist,INDUSTRIAL PROPERTY MANAGEMENT,ov-41,GS-0410,"PROPERTY, REAL ESTATE, & COMMUNITY ASSOCIATION MANAGERS 
GS-1103-0,Industrial Property Clearance Specialist,INDUSTRIAL PROPERTY MANAGEMENT,ov-41,GS-0410,"PROPERTY, REAL ESTATE, & COMMUNITY ASSOCIATION MANAGERS 
GS-1103-0,Industrial Property Management Officer,INDUSTRIAL PROPERTY MANAGEMENT,ov-41,GS-0410,"PROPERTY, REAL ESTATE, & COMMUNITY ASSOCIATION MANAGERS 
GS-1104-0,Property Disposal Specialist,PROPERTY DISPOSAL,13-1199,740,"BUSINESS OPERATIONS SPECIALISTS, ALL OTHER 
GS-1104-0,Property Disposal Officer,PROPERTY DISPOSAL,13-1199,740,"BUSINESS OPERATIONS SPECIALISTS, ALL OTHER 
GS-1170-0,Realty Specialist,REALTY,41-9020,4920#,REAL ESTATE BROKERS AND SALES AGENTS#,
GS-1176-0,Building Manager,BUILDING MANAGEMENT,ov-41,GS-0410,"PROPERTY, REAL ESTATE, & COMMUNITY ASSOCIATION MANAGERS 
GS-1176-0,Building Management Specialist,BUILDING MANAGEMENT,ov-41,GS-0410,"PROPERTY, REAL ESTATE, & COMMUNITY ASSOCIATION MANAGERS 
GS-1170-0,Realty Officer,REALTY,41-9020,4920#,REAL ESTATE BROKERS AND SALES AGENTS#,
GS-2101-0,Transportation Specialist,TRANSPORTATION SPECIALIST,13-1199,740,"BUSINESS OPERATIONS SPECIALISTS, ALL OTHER# 
GS-2130-0,Traffic Management Specialist,TRAFFIC MANAGEMENT,13-1199,740,"BUSINESS OPERATIONS SPECIALISTS, ALL OTHER# 
GS-2150-0,Transportation Operations Specialist,TRANSPORTATION OPERATIONS,13-1199,740,"BUSINESS OPERATIONS SPECIALISTS, ALL OTHER# 
GS-2130-0,Traffic Manager,TRAFFIC MANAGEMENT,13-1199,740,"BUSINESS OPERATIONS SPECIALISTS, ALL OTHER# 
GS-0505-0,Financial Manager,FINANCIAL MANAGEMENT,13-2099,GS-0950,"FINANCIAL SPECIALISTS, ALL OTHER 
GS-0510-0,Accountant,ACCOUNTING,13-2011,800,ACCOUNTANTS & AUDITORS,
GS-0510-0,System Accountant,ACCOUNTING,13-2011,800,ACCOUNTANTS & AUDITORS,
GS-0510-0,Cost Accountant,ACCOUNTING,13-2011,800,ACCOUNTANTS & AUDITORS,
GS-0510-0,Staff Accountant,ACCOUNTING,13-2011,800,ACCOUNTANTS & AUDITORS,
GS-0510-0,Accounting Officer,ACCOUNTING,13-2011,800,ACCOUNTANTS & AUDITORS,
GS-0511-0,Auditor,AUDITING,13-2011,800,ACCOUNTANTS & AUDITORS,
GS-0560-0,Budget Analyst,BUDGET ANALYSIS,13-2031,820,BUDGET ANALYSTS,
GS-0560-0,Budget Officer,BUDGET ANALYSIS,13-2031,820,BUDGET ANALYSTS,
GS-0501-0,Resources Analyst,FINANCIAL ADMINISTRATION  PROGRAM,13-2099,GS-0950,"FINANCIAL SPECIALISTS, ALL OTHER 
GS-0501-0,Financial Management Specialist,FINANCIAL ADMINISTRATION  PROGRAM,13-2099,GS-0950,"FINANCIAL SPECIALISTS, ALL OTHER 
GS-0501-0,Resources Manager,FINANCIAL ADMINISTRATION  PROGRAM,13-2099,GS-0950,"FINANCIAL SPECIALISTS, ALL OTHER 
GS-0501-0,Resources Executive,FINANCIAL ADMINISTRATION  PROGRAM,13-2099,GS-0950,"FINANCIAL SPECIALISTS, ALL OTHER 
GS-0201-0,Director of Human Resources,HUMAN RESOURCES MANAGEMENT,21-,136,HUMAN RESOURCES MANAGERS,
GS-0201-0,Human Resources Specialist,HUMAN RESOURCES MANAGEMENT,21-,136,HUMAN RESOURCES MANAGERS,
GS-0201-0,Human Resources Officer,HUMAN RESOURCES MANAGEMENT,21-,136,HUMAN RESOURCES MANAGERS,
GS-0201-0,Assistant Director of Human Resources,HUMAN RESOURCES MANAGEMENT,21-,136,HUMAN RESOURCES MANAGERS,
GS-0201-0,Assistant Human Resources Officer,HUMAN RESOURCES MANAGEMENT,21-,136,HUMAN RESOURCES MANAGERS,
GS-0201-0,Human Resources Specialist (Recruitment),HUMAN RESOURCES MANAGEMENT,21-,136,HUMAN RESOURCES MANAGERS,
GS-0201-0,Human Resources Specialist (Recruitment and Placement),HUMAN RESOURCES MANAGEMENT,21-,136,HUMAN RESOURCES MANAGERS,
GS-0201-0,Human Resources Specialist (Placement),HUMAN RESOURCES MANAGEMENT,21-,136,HUMAN RESOURCES MANAGERS,
GS-0201-0,Human Resources Specialist (Classification),HUMAN RESOURCES MANAGEMENT,21-,136,HUMAN RESOURCES MANAGERS,
GS-0201-0,Human Resources Specialist (Compensation),HUMAN RESOURCES MANAGEMENT,21-,136,HUMAN RESOURCES MANAGERS,
GS-0201-0,Human Resources Specialist (Human Resource Development),HUMAN RESOURCES MANAGEMENT,21-,136,HUMAN RESOURCES MANAGERS,
GS-0201-0,Human Resources Specialist (Labor Relations),HUMAN RESOURCES MANAGEMENT,21-,136,HUMAN RESOURCES MANAGERS,
GS-0201-0,Human Resources Specialist (Employee Relations),HUMAN RESOURCES MANAGEMENT,21-,136,HUMAN RESOURCES MANAGERS,
GS-0201-0,Human Resources Specialist (Information Systems),HUMAN RESOURCES MANAGEMENT,21-,136,HUMAN RESOURCES MANAGERS,
GS-0201-0,Human Resources Specialist (Employee Benefits),HUMAN RESOURCES MANAGEMENT,21-,136,HUMAN RESOURCES MANAGERS,
GS-0201-0,Human Resources Specialist (Performance Management),HUMAN RESOURCES MANAGEMENT,21-,136,HUMAN RESOURCES MANAGERS,
GS-1001-0,Public Affairs Program Manager,GENERAL ARTS  INFORMATION,27-1010,2600,ARTISTS & RELATED WORKERS,
GS-1001-0,Public Affairs Officer,GENERAL ARTS  INFORMATION,27-1010,2600,ARTISTS & RELATED WORKERS,
GS-1035-0,Public Affairs Specialist,PUBLIC AFFAIRS,27-3031,2825,PUBLIC RELATIONS SPECIALISTS,
GS-0301-0,Media Relations Specialist,MISCELLANEOUS ADMINISTRATION  PROGRAM,13-1199,740,"BUSINESS OPERATIONS SPECIALISTS, ALL OTHER 
GS-1001-0,Protocol Specialist,GENERAL ARTS  INFORMATION,27-1010,2600,ARTISTS & RELATED WORKERS,
GS-1001-0,Protocol Officer,GENERAL ARTS  INFORMATION,27-1010,2600,ARTISTS & RELATED WORKERS,
GS-1001-0,Community Outreach Specialist,GENERAL ARTS  INFORMATION,27-1010,2600,ARTISTS & RELATED WORKERS,
GS-0306-0,Government Information Specialist (FOIA),GOVERNMENT INFORMATION,13-1199,740,"BUSINESS OPERATIONS SPECIALISTS, ALL OTHER 
GS-0260-0,Equal Employment Specialist,EQUAL EMPLOYMENT OPPORTUNITY,13-1041,565,COMPLIANCE OFFICERS,
GS-0260-0,Equal Employment Manager,EQUAL EMPLOYMENT OPPORTUNITY,13-1041,565,COMPLIANCE OFFICERS,
GS-0160-0,Civil Rights Analyst,CIVIL RIGHTS ANALYSIS,19-30,1860,"MISCELLANEOUS SOCIAL SCIENTISTS, INCLUDING SURVEY RESEARCHERS & SOCIOLOGISTS# 
GS-0360-0,Equal Opportunity Specialist,EQUAL OPPORTUNITY COMPLIANCE,13-1041,565,COMPLIANCE OFFICERS,
GS-0101-0,Social Scientist,SOCIAL SCIENCE,19-30,1860,"MISCELLANEOUS SOCIAL SCIENTISTS, INCLUDING SURVEY RESEARCHERS & SOCIOLOGISTS# 
GS-1910-0,Quality Assurance Specialist,QUALITY ASSURANCE,13-1199,740,"BUSINESS OPERATIONS SPECIALISTS, ALL OTHER# 
GS-1910-0,Quality Assurance Specialist (Aerospace),QUALITY ASSURANCE,13-1199,740,"BUSINESS OPERATIONS SPECIALISTS, ALL OTHER# 
GS-1910-0,Quality Assurance Specialist (Electrical),QUALITY ASSURANCE,13-1199,740,"BUSINESS OPERATIONS SPECIALISTS, ALL OTHER# 
GS-1910-0,Quality Assurance Specialist (Electronics),QUALITY ASSURANCE,13-1199,740,"BUSINESS OPERATIONS SPECIALISTS, ALL OTHER# 
GS-1910-0,Quality Assurance Specialist (Mechanical),QUALITY ASSURANCE,13-1199,740,"BUSINESS OPERATIONS SPECIALISTS, ALL OTHER# 
GS-1910-0,Quality Assurance Specialist (Materials and Processes),QUALITY ASSURANCE,13-1199,740,"BUSINESS OPERATIONS SPECIALISTS, ALL OTHER# 
GS-1910-0,Quality Assurance Specialist (Chemicals),QUALITY ASSURANCE,13-1199,740,"BUSINESS OPERATIONS SPECIALISTS, ALL OTHER# 
GS-1910-0,Quality Assurance Specialist (Preservation and Packaging),QUALITY ASSURANCE,13-1199,740,"BUSINESS OPERATIONS SPECIALISTS, ALL OTHER# 
GS-1910-0,Quality Assurance Specialist (Metrology),QUALITY ASSURANCE,13-1199,740,"BUSINESS OPERATIONS SPECIALISTS, ALL OTHER# 
GS-1910-0,Quality Assurance Specialist (Computer Software),QUALITY ASSURANCE,13-1199,740,"BUSINESS OPERATIONS SPECIALISTS, ALL OTHER# 
GS-1910-0,Quality Assurance Specialist (Aircraft),QUALITY ASSURANCE,13-1199,740,"BUSINESS OPERATIONS SPECIALISTS, ALL OTHER# 
GS-1083-0,Technical Writer-Editor,TECHNICAL WRITING  EDITING,27-3042,2840,TECHNICAL WRITERS,
GS-1083-0,Technical Writer,TECHNICAL WRITING  EDITING,27-3042,2840,TECHNICAL WRITERS,
GS-1082-0,Writer-Editor,WRITING  EDITING,27-3043,2850,WRITERS & AUTHORS,
GS-1082-0,Editor,WRITING  EDITING,27-3043,2850,WRITERS & AUTHORS,
GS-1410-0,Librarian,LIBRARIAN,25-4021,2430,LIBRARIANS,
GS-1412-0,Technical Information Specialist,TECHNICIAN INFORMATION SERVICES,25-4031,2440,LIBRARY TECHNICIANS,
GS-0301-0,Documentation Management Specialist,MISCELLANEOUS ADMINISTRATION  PROGRAM,13-1199,740,"BUSINESS OPERATIONS SPECIALISTS, ALL OTHER 
GS-0301-0,Communication Specialist,MISCELLANEOUS ADMINISTRATION  PROGRAM,13-1199,740,"BUSINESS OPERATIONS SPECIALISTS, ALL OTHER 
GS-0308,INFORMATION MANAGEME,RECORDS AND INFORMATION MANAGEMENT,13-1199,740,"BUSINESS OPERATIONS SPECIALISTS, ALL OTHER 
GS-0905-0,Attorney-Adviser,GENERAL ATTORNEY,23-10,2100,"LAWYERS, & JUDGES, MAGISTRATES, & OTHER JUDICIAL WORKERS  
GS-0904-0,Law Clerk,LAW CLERK,23-10,2100,"LAWYERS, & JUDGES, MAGISTRATES, & OTHER JUDICIAL WORKERS  
GS-0905-0,Attorney Adviser (Contract),GENERAL ATTORNEY,23-10,2100,"LAWYERS, & JUDGES, MAGISTRATES, & OTHER JUDICIAL WORKERS  
GS-0905-0,General Attorney,GENERAL ATTORNEY,23-10,2100,"LAWYERS, & JUDGES, MAGISTRATES, & OTHER JUDICIAL WORKERS  
GS-0905-0,Attorney-Adviser (General),GENERAL ATTORNEY,23-10,2100,"LAWYERS, & JUDGES, MAGISTRATES, & OTHER JUDICIAL WORKERS  
GS-0301-0,Legislative Affairs Specialist,MISCELLANEOUS ADMINISTRATION  PROGRAM,13-1199,740,"BUSINESS OPERATIONS SPECIALISTS, ALL OTHER 
GS-1222-0,Patent Attorney,PATENT ATTORNEY,23-10,2100,"LAWYERS, & JUDGES, MAGISTRATES, & OTHER JUDICIAL WORKERS  
GS-1221-0,Patent Adviser,PATENT ADVISER,23-2090,2160,MISCELLANEOUS LEGAL SUPPORT WORKERS,
GS-0950-0,Paralegal Specialist,PARALEGAL SPECIALIST,23-2011,2145,PARALEGALS & LEGAL ASSISTANTS,
GS-0901-0,Legal Administrative Specialist,GENERAL LEGAL  KINDRED ADMINISTRATION,23-2090,2160,MISCELLANEOUS LEGAL SUPPORT WORKERS,
GS-1701-0,Education and Training Specialist,GENERAL EDUCATION  TRAINING,25-3000,2340,OTHER TEACHERS & INSTRUCTORS,
GS-1701-0,Education Specialist,GENERAL EDUCATION  TRAINING,25-3000,2340,OTHER TEACHERS & INSTRUCTORS,
GS-1720-0,Education Program Specialist,EDUCATIONAL PROGRAM,25-90,2550,"OTHER EDUCATION, TRAINING & LIBRARY WORKERS 
GS-1701-0,Education and Training Officer,GENERAL EDUCATION  TRAINING,25-3000,2340,OTHER TEACHERS & INSTRUCTORS,
GS-1712-0,Training Specialist,TRAINING INSTRUCTION,25-3000,2340,OTHER TEACHERS & INSTRUCTORS,
GS-1750-0,Instructional Systems Specialist,INSTRUCTIONAL SYSTEMS,25-90,2550,"OTHER EDUCATION, TRAINING & LIBRARY WORKERS 
GS-1001-0,Arts and Information Specialist,GENERAL ARTS  INFORMATION,27-1010,2600,ARTISTS & RELATED WORKERS,
GS-1010-0,Exhibits Specialist,EXHIBITS SPECIALIST,27-1020,2630,DESIGNERS,
GS-1084-0,Visual Information Specialist,VISUAL INFORMATION,27-1020,2630,DESIGNERS,
GS-1071-0,Audiovisual Production Specialist,AUDIOVISUAL PRODUCTION,27-2012,2710,PRODUCERS & DIRECTORS,
GS-1071-0,Producer,AUDIOVISUAL PRODUCTION,27-2012,2710,PRODUCERS & DIRECTORS,
GS-0018-0,Safety and Occupational Health Specialist,SAFETY  OCCUPATIONAL HEALTH MANAGEMENT,29-9000,3540,OTHER HEALTHCARE PRACTITIONERS & TECHNICAL OCCUPATIONS,
GS-0018-0,Safety and Occupational Health Manager,SAFETY  OCCUPATIONAL HEALTH MANAGEMENT,29-9000,3540,OTHER HEALTHCARE PRACTITIONERS & TECHNICAL OCCUPATIONS,
GS-1825-0,Aviation Safety Inspector,AVIATION SAFETY,53-6051,9410,TRANSPORTATION INSPECTORS,
GS-0017-0,Explosives Safety Specialist,EXPLOSIVES SAFETY,47-5031,6830,"EXPLOSIVES WORKERS, ORDNANCE HANDLING EXPERTS, & BLASTERS 
GS-0080-0,Security Officer,SECURITY ADMINISTRATION,13-1199,740,"BUSINESS OPERATIONS SPECIALISTS, ALL OTHER 
GS-0080-0,Personnel Security Specialist,SECURITY ADMINISTRATION,13-1199,740,"BUSINESS OPERATIONS SPECIALISTS, ALL OTHER 
GS-0080-0,Physical Security Specialist,SECURITY ADMINISTRATION,13-1199,740,"BUSINESS OPERATIONS SPECIALISTS, ALL OTHER 
GS-0080-0,Industrial Security Specialist,SECURITY ADMINISTRATION,13-1199,740,"BUSINESS OPERATIONS SPECIALISTS, ALL OTHER 
GS-0080-0,Security Specialist,SECURITY ADMINISTRATION,13-1199,740,"BUSINESS OPERATIONS SPECIALISTS, ALL OTHER 
GS-0080-0,Information Security Specialist,SECURITY ADMINISTRATION,13-1199,740,"BUSINESS OPERATIONS SPECIALISTS, ALL OTHER 
GS-0132-0,Intelligence Operations Specialist,INTELLIGENCE,19-30,1860,"MISCELLANEOUS SOCIAL SCIENTISTS, INCLUDING SURVEY RESEARCHERS & SOCIOLOGISTS# 
GS-0132-0,Intelligence Research Specialist,INTELLIGENCE,19-30,1860,"MISCELLANEOUS SOCIAL SCIENTISTS, INCLUDING SURVEY RESEARCHERS & SOCIOLOGISTS# 
GS-1810-0,Investigator,GENERAL INVESTIGATING,33-3021,3820,DETECTIVES & CRIMINAL INVESTIGATORS,
GS-1811-0,Criminal Investigator,CRIMINAL INVESTIGATING,33-3021,3820,DETECTIVES & CRIMINAL INVESTIGATORS,
GS-1801,"Inspection, Investigation,  Enforcement and Compliance Specialist GENERAL INSPECTION INVESTIGATION ENFORCEMENT  COMPLIANCE,13-1041,565,COMPLIANCE OFFICERS,
GS-0301-0,Senior Executive (Administrative),MISCELLANEOUS ADMINISTRATION  PROGRAM,13-1199,740,"BUSINESS OPERATIONS SPECIALISTS, ALL OTHER 
GS-0301-0,Administrative Program Manager,MISCELLANEOUS ADMINISTRATION  PROGRAM,13-1199,740,"BUSINESS OPERATIONS SPECIALISTS, ALL OTHER 
GS-0301-0,Administrative Project Manager,MISCELLANEOUS ADMINISTRATION  PROGRAM,13-1199,740,"BUSINESS OPERATIONS SPECIALISTS, ALL OTHER 
GS-0340-0,Program Manager,PROGRAM MANAGEMENT,13-1199,740,"BUSINESS OPERATIONS SPECIALISTS, ALL OTHER 
GS-1101-0,Business Development Specialist,GENERAL BUSINESS  INDUSTRY,13-1199,740,"BUSINESS OPERATIONS SPECIALISTS, ALL OTHER 
GS-1101-0,Manufacturing Specialist,GENERAL BUSINESS  INDUSTRY,13-1199,740,"BUSINESS OPERATIONS SPECIALISTS, ALL OTHER 
GS-1150-0,Industrial Specialist,INDUSTRIAL SPECIALIST,13-1199,740,"BUSINESS OPERATIONS SPECIALISTS, ALL OTHER# 
GS-0301-0,Business Management Specialist,MISCELLANEOUS ADMINISTRATION  PROGRAM,13-1199,740,"BUSINESS OPERATIONS SPECIALISTS, ALL OTHER 
GS-0301-0,Operations Support Specialist,MISCELLANEOUS ADMINISTRATION  PROGRAM,13-1199,740,"BUSINESS OPERATIONS SPECIALISTS, ALL OTHER 
GS-1140-0,International Trade Specialist,TRADE SPECIALIST,13-1199,740,"BUSINESS OPERATIONS SPECIALISTS, ALL OTHER 
GS-0142-0,Workforce Development Specialist,WORKFORCE DEVELOPMENT,13-1070,GS-0630,HUMAN RESOURCES WORKERS,
GS-0301-0,Workforce Planning Analyst,MISCELLANEOUS ADMINISTRATION  PROGRAM,13-1199,740,"BUSINESS OPERATIONS SPECIALISTS, ALL OTHER 
GS-0301-0,Workforce Planning Officer,MISCELLANEOUS ADMINISTRATION  PROGRAM,13-1199,740,"BUSINESS OPERATIONS SPECIALISTS, ALL OTHER 
GS-0301-0,Exchange Operations Manager,MISCELLANEOUS ADMINISTRATION  PROGRAM,13-1199,740,"BUSINESS OPERATIONS SPECIALISTS, ALL OTHER 
GS-1601-0,"Equipment, Facilities, and Services Specialist EQUIPMENT FACILITIES  SERVICES,13-1199,740,"BUSINESS OPERATIONS SPECIALISTS, ALL OTHER 
GS-1601-0,Facilities Management Officer,EQUIPMENT FACILITIES  SERVICES,13-1199,740,"BUSINESS OPERATIONS SPECIALISTS, ALL OTHER 
GS-1640-0,Facility Operations Specialist,FACILITY OPERATIONS,13-1199,740,"BUSINESS OPERATIONS SPECIALISTS, ALL OTHER 
GS-1654-0,Printing Services Specialist,PRINTING SERVICES,11-,100,ADMINISTRATIVE SERVICES MANAGERS,
GS-1654-0,Printing Officer,PRINTING SERVICES,11-,100,ADMINISTRATIVE SERVICES MANAGERS,
GS-1670-0,Equipment Specialist,EQUIPMENT SERVICES,13-1199,740,"BUSINESS OPERATIONS SPECIALISTS, ALL OTHER 
GS-0089-0,Emergency Management Specialist,EMERGENCY MANAGEMENT,ov-61,425,EMERGENCY MANAGEMENT DIRECTORS,
GS-1601-0,Fabrication Specialist,EQUIPMENT FACILITIES  SERVICES,13-1199,740,"BUSINESS OPERATIONS SPECIALISTS, ALL OTHER 
GS-1601-0,Test Support Specialist,EQUIPMENT FACILITIES  SERVICES,13-1199,740,"BUSINESS OPERATIONS SPECIALISTS, ALL OTHER 
GS-0301-0,Expert (Administrative),MISCELLANEOUS ADMINISTRATION  PROGRAM,13-1199,740,"BUSINESS OPERATIONS SPECIALISTS, ALL OTHER 
GS-0301-0,Consultant (Administrative),MISCELLANEOUS ADMINISTRATION  PROGRAM,13-1199,740,"BUSINESS OPERATIONS SPECIALISTS, ALL OTHER 
GS-1420-0,Archivist,ARCHIVIST,25-4010,2400,"ARCHIVISTS, CURATORS & MUSEUM TECHNICIANS 
GS-0301-0,International Relations Specialist,MISCELLANEOUS ADMINISTRATION  PROGRAM,13-1199,740,"BUSINESS OPERATIONS SPECIALISTS, ALL OTHER 
GS-0170-0,Historian,HISTORY,19-30,1860,"MISCELLANEOUS SOCIAL SCIENTISTS, INCLUDING SURVEY RESEARCHERS & SOCIOLOGISTS# 
GS-0301-0,Community Relations Specialist,MISCELLANEOUS ADMINISTRATION  PROGRAM,13-1199,740,"BUSINESS OPERATIONS SPECIALISTS, ALL OTHER 
GS-0346-0,Logistics Management Specialist,LOGISTICS MANAGEMENT,13-1081,700,LOGISTICIANS,
GS-0301-0,Presidential Management Fellow,MISCELLANEOUS ADMINISTRATION  PROGRAM,13-1199,740,"BUSINESS OPERATIONS SPECIALISTS, ALL OTHER 
GS-0028-0,Environmental Protection Specialist,ENVIRONMENTAL PROTECTION SPECIALIST,19-2040,1740,ENVIRONMENTAL SCIENTISTS & GEOSCIENTISTS,
GS-1667-0,Food Services Specialist,FOOD SERVICES,35-1012,4010,FIRST-LINE SUPERVISORS OF FOOD PREPARATION & SERVING WORKERS,
GS-2181-0,Aircraft Pilot,AIRCRAFT OPERATION,53-2010,9030,AIRCRAFT PILOTS & FLIGHT ENGINEERS,
GS-2181-0,Airplane Pilot,AIRCRAFT OPERATION,53-2010,9030,AIRCRAFT PILOTS & FLIGHT ENGINEERS,
GS-0020-0,Community Planner,COMMUNITY PLANNING,19-3051,1840,URBAN & REGIONAL PLANNERS,
GS-0688-0,Sanitarian,SANITARIAN,29-9000,3540,OTHER HEALTHCARE PRACTITIONERS & TECHNICAL OCCUPATIONS,
GS-0099-0,Student Trainee (Protective Services),GENERAL STUDENT TRAINEE,43-9,5940,"MISCELLANEOUS OFFICE & ADMINISTRATIVE SUPPORT WORKERS, INCLUDING DESKTOP PUBLISHERS 
GS-2299-0,Student Trainee (Information Technology),INFORMATION TECHNOLOGY TRAINEE,15-1150,1050,COMPUTER SUPPORT SPECIALISTS#,
GS-0299-0,Student Trainee (Human Resources),HUMAN RESOURCES MANAGEMENT STUDENT TRAINEE,13-1070,GS-0630,HUMAN RESOURCES WORKERS,
GS-0299-0,Student Trainee (EEO),HUMAN RESOURCES MANAGEMENT STUDENT TRAINEE,13-1070,GS-0630,HUMAN RESOURCES WORKERS,
GS-0399-0,Student Trainee (General),ADMINISTRATION  OFFICE SUPPORT STUDENT TRAINEE,43-9,5940,"MISCELLANEOUS OFFICE & ADMINISTRATIVE SUPPORT WORKERS, INCLUDING DESKTOP PUBLISHERS 
GS-0599-0,Student Trainee (Accounting and Budget),FINANCIAL MANAGEMENT STUDENT TRAINEE,13-2099,GS-0950,"FINANCIAL SPECIALISTS, ALL OTHER 
GS-1099-0,Student Trainee (Public Affairs),INFORMATION  ARTS STUDENT TRAINEE,27-1010,2600,ARTISTS & RELATED WORKERS,
GS-1199-0,Student Trainee (Procurement),BUSINESS  INDUSTRY STUDENT TRAINEE,13-1199,740,"BUSINESS OPERATIONS SPECIALISTS, ALL OTHER 
GS-1699-0,Student Trainee (Facilities Management),EQUIPMENT FACILITIES  SERVICES STUDENT TRAINEE,13-1199,740,"BUSINESS OPERATIONS SPECIALISTS, ALL OTHER# 
GS-1799-0,Student Trainee (Education),EDUCATION STUDENT TRAINEE,25-3000,2340,OTHER TEACHERS & INSTRUCTORS,
GS-2099-0,Student Trainee (Supply Management),SUPPLY STUDENT TRAINEE,13-1199,740,"BUSINESS OPERATIONS SPECIALISTS, ALL OTHER# 
GS-2199-0,Student Trainee (Transportation),TRANSPORTATION STUDENT TRAINEE,53-60,9420,"MISCELLANEOUS TRANSPORTATION WORKERS, INCLUDING BRIDGE & LOCK TENDERS & TRAFFIC TECHNICIANS 
GS-0399-0,Student Trainee (Administrative),ADMINISTRATION  OFFICE SUPPORT STUDENT TRAINEE,43-9,5940,"MISCELLANEOUS OFFICE & ADMINISTRATIVE SUPPORT WORKERS, INCLUDING DESKTOP PUBLISHERS 
GS-1330,Astrophysicist,ASTRONOMY  SPACE SCIENCE,19-2010,1700,ASTRONOMERS & PHYSICISTS,
GS-1330,Space Scientist,ASTRONOMY  SPACE SCIENCE,19-2010,1700,ASTRONOMERS & PHYSICISTS,
GS-1330,Astrophysicist,ASTRONOMY  SPACE SCIENCE,19-2010,1700,ASTRONOMERS & PHYSICISTS,
GS-1330,Astrophysicist,ASTRONOMY  SPACE SCIENCE,19-2010,1700,ASTRONOMERS & PHYSICISTS,
GS-1330,Space Science,ASTRONOMY  SPACE SCIENCE,19-2010,1700,ASTRONOMERS & PHYSICISTS,
GS-1330,Astrophysicist,ASTRONOMY  SPACE SCIENCE,19-2010,1700,ASTRONOMERS & PHYSICISTS,
GS-1301,Physical Scientist,GENERAL PHYSICAL SCIENCE,19-2099,1760,"PHYSICAL SCIENTISTS, ALL OTHER 
GS-1301,Physical Scientist,GENERAL PHYSICAL SCIENCE,19-2099,1760,"PHYSICAL SCIENTISTS, ALL OTHER 
GS-1301,Physical Scientist,GENERAL PHYSICAL SCIENCE,19-2099,1760,"PHYSICAL SCIENTISTS, ALL OTHER 
GS-1301,Physical Scientist,GENERAL PHYSICAL SCIENCE,19-2099,1760,"PHYSICAL SCIENTISTS, ALL OTHER 
GS-1320,Chemist,CHEMISTRY,19-2030,GS-1720,CHEMISTS & MATERIALS SCIENTISTS,
GS-1301,Physical Scientist,GENERAL PHYSICAL SCIENCE,19-2099,1760,"PHYSICAL SCIENTISTS, ALL OTHER 
GS-1301,Physical Scientist,GENERAL PHYSICAL SCIENCE,19-2099,1760,"PHYSICAL SCIENTISTS, ALL OTHER 
GS-1301,Physical Scientist,GENERAL PHYSICAL SCIENCE,19-2099,1760,"PHYSICAL SCIENTISTS, ALL OTHER 
GS-1301,Physical Scientist,GENERAL PHYSICAL SCIENCE,19-2099,1760,"PHYSICAL SCIENTISTS, ALL OTHER 
GS-1360,Oceanographer,OCEANOGRAPHY,19-2040,1740,ENVIRONMENTAL SCIENTISTS & GEOSCIENTISTS,
GS-1340,Meteorologist,METEOROLOGY,19-2021,1710,ATMOSPHERIC & SPACE SCIENTISTS,
GS-1313,Geophysicist,GEOPHYSICS,19-2040,1740,ENVIRONMENTAL SCIENTISTS & GEOSCIENTISTS,
GS-1301,Physical Scientist,GENERAL PHYSICAL SCIENCE,19-2099,1760,"PHYSICAL SCIENTISTS, ALL OTHER 
GS-401,Biological Studies,GENERAL NATURAL RESOURCES MANAGEMENT AND BIOLOGICAL SCIENCES,19-1020,1610,BIOLOGICAL SCIENTISTS,
GS-1301,Physical Scientist,GENERAL PHYSICAL SCIENCE,19-2099,1760,"PHYSICAL SCIENTISTS, ALL OTHER 
GS-180,Psychologist,PSYCHOLOGY,19-3030,1820,PSYCHOLOGISTS,
GS-602,Medical Officer,PHYSICIAN,29-1060,3060,PHYSICIANS & SURGEONS,
GS-1301,Physical Scientist,GENERAL PHYSICAL SCIENCE,19-2099,1760,"PHYSICAL SCIENTISTS, ALL OTHER 
GS-801,Human/Machine Systems,GENERAL ENGINEERING,17-21,GS-1530,"MISCELLANEOUS ENGINEERS, INCLUDING NUCLEAR ENGINEERS 
GS-401,Life Sciences Research,GENERAL NATURAL RESOURCES MANAGEMENT AND BIOLOGICAL SCIENCES,19-1020,1610,BIOLOGICAL SCIENTISTS,
GS-1301,Physical Scientist,GENERAL PHYSICAL SCIENCE,19-2099,1760,"PHYSICAL SCIENTISTS, ALL OTHER 
GS-861,Aerospace Engineer,AEROSPACE ENGINEERING,17-2011,GS-1320,AEROSPACE ENGINEERS,
GS-861,Aerospace Engineer,AEROSPACE ENGINEERING,17-2011,GS-1320,AEROSPACE ENGINEERS,
GS-861,Aerospace Engineer,AEROSPACE ENGINEERING,17-2011,GS-1320,AEROSPACE ENGINEERS,
GS-861,Aerospace Engineer,AEROSPACE ENGINEERING,17-2011,GS-1320,AEROSPACE ENGINEERS,
GS-861,Aerospace Engineer,AEROSPACE ENGINEERING,17-2011,GS-1320,AEROSPACE ENGINEERS,
GS-861,Aerospace Engineer,AEROSPACE ENGINEERING,17-2011,GS-1320,AEROSPACE ENGINEERS,
GS-861,Aerospace Engineer,AEROSPACE ENGINEERING,17-2011,GS-1320,AEROSPACE ENGINEERS,
GS-861,Aerospace Engineer,AEROSPACE ENGINEERING,17-2011,GS-1320,AEROSPACE ENGINEERS,
GS-861,Aerospace Engineer,AEROSPACE ENGINEERING,17-2011,GS-1320,AEROSPACE ENGINEERS,
GS-1310,Physicist,PHYSICS,19-2010,1700,ASTRONOMERS & PHYSICISTS,
GS-861,Aerospace Engineer,AEROSPACE ENGINEERING,17-2011,GS-1320,AEROSPACE ENGINEERS,
GS-861,Aerospace Engineer,AEROSPACE ENGINEERING,17-2011,GS-1320,AEROSPACE ENGINEERS,
GS-806,Materials Engineer,MATERIALS ENGINEERING,17-2131,1450,MATERIALS ENGINEERS,
GS-861,Aerospace Engineer,AEROSPACE ENGINEERING,17-2011,GS-1320,AEROSPACE ENGINEERS,
GS-806,Materials Engineer,MATERIALS ENGINEERING,17-2131,1450,MATERIALS ENGINEERS,
GS-806,Materials Engineer,MATERIALS ENGINEERING,17-2131,1450,MATERIALS ENGINEERS,
GS-1310,Physicist,PHYSICS,19-2010,1700,ASTRONOMERS & PHYSICISTS,
GS-893,Chemical Engineer,CHEMICAL ENGINEERING,17-2041,1350,CHEMICAL ENGINEERS,
GS-806,Materials Engineer,MATERIALS ENGINEERING,17-2131,1450,MATERIALS ENGINEERS,
GS-806,Materials Engineer,MATERIALS ENGINEERING,17-2131,1450,MATERIALS ENGINEERS,
GS-861,Aerospace Engineer,AEROSPACE ENGINEERING,17-2011,GS-1320,AEROSPACE ENGINEERS,
GS-861,Aerospace Engineer,AEROSPACE ENGINEERING,17-2011,GS-1320,AEROSPACE ENGINEERS,
GS-806,Materials Engineer,MATERIALS ENGINEERING,17-2131,1450,MATERIALS ENGINEERS,
GS-861,Aerospace Engineer,AEROSPACE ENGINEERING,17-2011,GS-1320,AEROSPACE ENGINEERS,
GS-850,Electrical Engineer,ELECTRICAL ENGINEERING,17-2070,GS-1410,ELECTRICAL & ELECTRONIC ENGINEERS,
GS-850,Electrical Engineer,ELECTRICAL ENGINEERING,17-2070,GS-1410,ELECTRICAL & ELECTRONIC ENGINEERS,
GS-861,Aerospace Engineer,AEROSPACE ENGINEERING,17-2011,GS-1320,AEROSPACE ENGINEERS,
GS-861,Aerospace Engineer,AEROSPACE ENGINEERING,17-2011,GS-1320,AEROSPACE ENGINEERS,
GS-830,Mechanical Engineer,MECHANICAL ENGINEERING,17-2141,1460,MECHANICAL ENGINEERS,
GS-861,Aerospace Engineer,AEROSPACE ENGINEERING,17-2011,GS-1320,AEROSPACE ENGINEERS,
GS-861,Aerospace Engineer,AEROSPACE ENGINEERING,17-2011,GS-1320,AEROSPACE ENGINEERS,
GS-861,Aerospace Engineer,AEROSPACE ENGINEERING,17-2011,GS-1320,AEROSPACE ENGINEERS,
GS-850,Electrical Engineer,ELECTRICAL ENGINEERING,17-2070,GS-1410,ELECTRICAL & ELECTRONIC ENGINEERS,
GS-893,Chemical Engineer,CHEMICAL ENGINEERING,17-2041,1350,CHEMICAL ENGINEERS,
GS-861,Aerospace Engineer,AEROSPACE ENGINEERING,17-2011,GS-1320,AEROSPACE ENGINEERS,
GS-861,Aerospace Engineer,AEROSPACE ENGINEERING,17-2011,GS-1320,AEROSPACE ENGINEERS,
GS-861,Aerospace Engineer,AEROSPACE ENGINEERING,17-2011,GS-1320,AEROSPACE ENGINEERS,
GS-861,Aerospace Engineer,AEROSPACE ENGINEERING,17-2011,GS-1320,AEROSPACE ENGINEERS,
GS-861,Aerospace Engineer,AEROSPACE ENGINEERING,17-2011,GS-1320,AEROSPACE ENGINEERS,
GS-861,Aerospace Engineer,AEROSPACE ENGINEERING,17-2011,GS-1320,AEROSPACE ENGINEERS,
GS-861,Aerospace Engineer,AEROSPACE ENGINEERING,17-2011,GS-1320,AEROSPACE ENGINEERS,
GS-861,Aerospace Engineer,AEROSPACE ENGINEERING,17-2011,GS-1320,AEROSPACE ENGINEERS,
GS-861,Aerospace Engineer,AEROSPACE ENGINEERING,17-2011,GS-1320,AEROSPACE ENGINEERS,
GS-861,Aerospace Engineer,AEROSPACE ENGINEERING,17-2011,GS-1320,AEROSPACE ENGINEERS,
GS-855,Electronics Engineer,ELECTRONICS ENGINEERING,17-2070,GS-1410,ELECTRICAL & ELECTRONIC ENGINEERS,
GS-861,Aerospace Engineer,AEROSPACE ENGINEERING,17-2011,GS-1320,AEROSPACE ENGINEERS,
GS-861,Aerospace Engineer,AEROSPACE ENGINEERING,17-2011,GS-1320,AEROSPACE ENGINEERS,
GS-861,Aerospace Engineer,AEROSPACE ENGINEERING,17-2011,GS-1320,AEROSPACE ENGINEERS,
GS-861,Aerospace Engineer,AEROSPACE ENGINEERING,17-2011,GS-1320,AEROSPACE ENGINEERS,
GS-850,Electrical Engineer,ELECTRICAL ENGINEERING,17-2070,GS-1410,ELECTRICAL & ELECTRONIC ENGINEERS,
GS-861,Aerospace Engineer,AEROSPACE ENGINEERING,17-2011,GS-1320,AEROSPACE ENGINEERS,
GS-861,Aerospace Engineer,AEROSPACE ENGINEERING,17-2011,GS-1320,AEROSPACE ENGINEERS,
GS-861,Aerospace Engineer,AEROSPACE ENGINEERING,17-2011,GS-1320,AEROSPACE ENGINEERS,
GS-861,Aerospace Engineer,AEROSPACE ENGINEERING,17-2011,GS-1320,AEROSPACE ENGINEERS,
GS-855,Electronics Engineer,ELECTRONICS ENGINEERING,17-2070,GS-1410,ELECTRICAL & ELECTRONIC ENGINEERS,
GS-855,Electronics Engineer,ELECTRONICS ENGINEERING,17-2070,GS-1410,ELECTRICAL & ELECTRONIC ENGINEERS,
GS-855,Electronics Engineer,ELECTRONICS ENGINEERING,17-2070,GS-1410,ELECTRICAL & ELECTRONIC ENGINEERS,
GS-1310,Physicist,PHYSICS,19-2010,1700,ASTRONOMERS & PHYSICISTS,
GS-855,Electronics Engineer,ELECTRONICS ENGINEERING,17-2070,GS-1410,ELECTRICAL & ELECTRONIC ENGINEERS,
GS-801,Control Systems,GENERAL ENGINEERING,17-21,GS-1530,"MISCELLANEOUS ENGINEERS, INCLUDING NUCLEAR ENGINEERS 
GS-855,Electronics Engineer,ELECTRONICS ENGINEERING,17-2070,GS-1410,ELECTRICAL & ELECTRONIC ENGINEERS,
GS-855,Electronics Engineer,ELECTRONICS ENGINEERING,17-2070,GS-1410,ELECTRICAL & ELECTRONIC ENGINEERS,
GS-1310,Physicist,PHYSICS,19-2010,1700,ASTRONOMERS & PHYSICISTS,
GS-1310,Physicist,PHYSICS,19-2010,1700,ASTRONOMERS & PHYSICISTS,
GS-1301,Physical Scientist,GENERAL PHYSICAL SCIENCE,19-2099,1760,"PHYSICAL SCIENTISTS, ALL OTHER 
GS-850,Electrical Engineer,ELECTRICAL ENGINEERING,17-2070,GS-1410,ELECTRICAL & ELECTRONIC ENGINEERS,
GS-855,Electronics Engineer,ELECTRONICS ENGINEERING,17-2070,GS-1410,ELECTRICAL & ELECTRONIC ENGINEERS,
GS-854,Computer Engineer,COMPUTER ENGINEERING,17-2061,1400,COMPUTER HARDWARE ENGINEERS,
GS-854,Computer Engineer,COMPUTER ENGINEERING,17-2061,1400,COMPUTER HARDWARE ENGINEERS,
GS-1550,Computer Scientist,COMPUTER SCIENCE,15-1111,1005,COMPUTER & INFORMATION RESEARCH SCIENTISTS,
GS-854,Computer Engineer,COMPUTER ENGINEERING,17-2061,1400,COMPUTER HARDWARE ENGINEERS,
GS-854,Computer Engineer,COMPUTER ENGINEERING,17-2061,1400,COMPUTER HARDWARE ENGINEERS,
GS-854,Computer Engineer,COMPUTER ENGINEERING,17-2061,1400,COMPUTER HARDWARE ENGINEERS,
GS-854,Computer Engineer,COMPUTER ENGINEERING,17-2061,1400,COMPUTER HARDWARE ENGINEERS,
GS-861,Aerospace Engineer,AEROSPACE ENGINEERING,17-2011,GS-1320,AEROSPACE ENGINEERS,
GS-855,Electronics Engineer,ELECTRONICS ENGINEERING,17-2070,GS-1410,ELECTRICAL & ELECTRONIC ENGINEERS,
GS-1550,Computer Scientist,COMPUTER SCIENCE,15-1111,1005,COMPUTER & INFORMATION RESEARCH SCIENTISTS,
GS-855,Electronics Engineer,ELECTRONICS ENGINEERING,17-2070,GS-1410,ELECTRICAL & ELECTRONIC ENGINEERS,
GS-854,Computer Engineer,COMPUTER ENGINEERING,17-2061,1400,COMPUTER HARDWARE ENGINEERS,
GS-1520,Mathematician,MATHEMATICS,15-20,1240,"MISCELLANEOUS MATHEMATICAL SCIENCE OCCUPATIONS, INCLUDING MATHEMATICIANS & STATISTICIANS 
GS-801,Experimental Facilities Development,GENERAL ENGINEERING,17-21,GS-1530,"MISCELLANEOUS ENGINEERS, INCLUDING NUCLEAR ENGINEERS 
GS-801,Facilities Systems Safety,GENERAL ENGINEERING,17-21,GS-1530,"MISCELLANEOUS ENGINEERS, INCLUDING NUCLEAR ENGINEERS 
GS-801,Facilities and Environmental Factors,GENERAL ENGINEERING,17-21,GS-1530,"MISCELLANEOUS ENGINEERS, INCLUDING NUCLEAR ENGINEERS 
GS-830,Mechanical Engineer,MECHANICAL ENGINEERING,17-2141,1460,MECHANICAL ENGINEERS,
GS-801,Gas and Fluid Systems,GENERAL ENGINEERING,17-21,GS-1530,"MISCELLANEOUS ENGINEERS, INCLUDING NUCLEAR ENGINEERS 
GS-850,Electrical Engineer,ELECTRICAL ENGINEERING,17-2070,GS-1410,ELECTRICAL & ELECTRONIC ENGINEERS,
GS-801,Experimental Facilities Techniques,GENERAL ENGINEERING,17-21,GS-1530,"MISCELLANEOUS ENGINEERS, INCLUDING NUCLEAR ENGINEERS 
GS-801,Aerospace Environmental Control Techniques,GENERAL ENGINEERING,17-21,GS-1530,"MISCELLANEOUS ENGINEERS, INCLUDING NUCLEAR ENGINEERS 
GS-801,Aerospace Experimental Facilities and Test Technologies,GENERAL ENGINEERING,17-21,GS-1530,"MISCELLANEOUS ENGINEERS, INCLUDING NUCLEAR ENGINEERS 
GS-801,Flight Training,GENERAL ENGINEERING,17-21,GS-1530,"MISCELLANEOUS ENGINEERS, INCLUDING NUCLEAR ENGINEERS 
GS-801,Flight Systems Operations,GENERAL ENGINEERING,17-21,GS-1530,"MISCELLANEOUS ENGINEERS, INCLUDING NUCLEAR ENGINEERS 
GS-801,Mission Support Requirements and Development,GENERAL ENGINEERING,17-21,GS-1530,"MISCELLANEOUS ENGINEERS, INCLUDING NUCLEAR ENGINEERS 
GS-801,Mission Operations Integration,GENERAL ENGINEERING,17-21,GS-1530,"MISCELLANEOUS ENGINEERS, INCLUDING NUCLEAR ENGINEERS 
GS-801**,Management Astronaut,GENERAL ENGINEERING,17-21,GS-1530,"MISCELLANEOUS ENGINEERS, INCLUDING NUCLEAR ENGINEERS 
GS-1301**,**,GENERAL PHYSICAL SCIENCE,19-2099,1760,"PHYSICAL SCIENTISTS, ALL OTHER 
GS-801**,Astronaut,GENERAL ENGINEERING,17-21,GS-1530,"MISCELLANEOUS ENGINEERS, INCLUDING NUCLEAR ENGINEERS 
GS-1301**,**,GENERAL PHYSICAL SCIENCE,19-2099,1760,"PHYSICAL SCIENTISTS, ALL OTHER 
GS-861,Aerospace Engineer,AEROSPACE ENGINEERING,17-2011,GS-1320,AEROSPACE ENGINEERS,
GS-401**,**,GENERAL NATURAL RESOURCES MANAGEMENT AND BIOLOGICAL SCIENCES,19-1020,1610,BIOLOGICAL SCIENTISTS,
GS-801,Operations,GENERAL ENGINEERING,17-21,GS-1530,"MISCELLANEOUS ENGINEERS, INCLUDING NUCLEAR ENGINEERS 
GS-602**,Medical Officer,PHYSICIAN,29-1060,3060,PHYSICIANS & SURGEONS,
GS-861,Aerospace Engineer,AEROSPACE ENGINEERING,17-2011,GS-1320,AEROSPACE ENGINEERS,
GS-801,Launch and Flight Operations,GENERAL ENGINEERING,17-21,GS-1530,"MISCELLANEOUS ENGINEERS, INCLUDING NUCLEAR ENGINEERS 
GS-801,Aircraft Mission Operations,GENERAL ENGINEERING,17-21,GS-1530,"MISCELLANEOUS ENGINEERS, INCLUDING NUCLEAR ENGINEERS 
GA-801**,Educator Astronaut,GENERAL ENGINEERING,17-21,GS-1530,"MISCELLANEOUS ENGINEERS, INCLUDING NUCLEAR ENGINEERS 
GS-1301**,**,GENERAL PHYSICAL SCIENCE,19-2099,1760,"PHYSICAL SCIENTISTS, ALL OTHER 
GS-801,Flight Systems Training and Operations,GENERAL ENGINEERING,17-21,GS-1530,"MISCELLANEOUS ENGINEERS, INCLUDING NUCLEAR ENGINEERS 
GS-801,Payload Processing Operations,GENERAL ENGINEERING,17-21,GS-1530,"MISCELLANEOUS ENGINEERS, INCLUDING NUCLEAR ENGINEERS 
GS-Unknown,GS-Unknown,GSUnknown,-,GS-Unknown,GS-Unknown,GS-Unknown
GS-801,Engineering Project Management,GENERAL ENGINEERING,17-21,GS-1530,"MISCELLANEOUS ENGINEERS, INCLUDING NUCLEAR ENGINEERS 
GS-1301,Physical Scientist,GENERAL PHYSICAL SCIENCE,19-2099,1760,"PHYSICAL SCIENTISTS, ALL OTHER 
GS-1301,Physical Scientist,GENERAL PHYSICAL SCIENCE,19-2099,1760,"PHYSICAL SCIENTISTS, ALL OTHER 
GS-801,Technical Management,GENERAL ENGINEERING,17-21,GS-1530,"MISCELLANEOUS ENGINEERS, INCLUDING NUCLEAR ENGINEERS 
GS-801,Technical Resources Management,GENERAL ENGINEERING,17-21,GS-1530,"MISCELLANEOUS ENGINEERS, INCLUDING NUCLEAR ENGINEERS 
GS-1301,Physical Scientist,GENERAL PHYSICAL SCIENCE,19-2099,1760,"PHYSICAL SCIENTISTS, ALL OTHER 
GS-801,Technical Engineering Operations Management,GENERAL ENGINEERING,17-21,GS-1530,"MISCELLANEOUS ENGINEERS, INCLUDING NUCLEAR ENGINEERS 
GS-801,Engineering Technology Utilization and Commercialization,GENERAL ENGINEERING,17-21,GS-1530,"MISCELLANEOUS ENGINEERS, INCLUDING NUCLEAR ENGINEERS 
GS-1301,Physical Scientist,GENERAL PHYSICAL SCIENCE,19-2099,1760,"PHYSICAL SCIENTISTS, ALL OTHER 
GS-801,Launch Site Support Management,GENERAL ENGINEERING,17-21,GS-1530,"MISCELLANEOUS ENGINEERS, INCLUDING NUCLEAR ENGINEERS 
GS-801,Engineering Program Management,GENERAL ENGINEERING,17-21,GS-1530,"MISCELLANEOUS ENGINEERS, INCLUDING NUCLEAR ENGINEERS 
GS-1301,Physical Scientist,GENERAL PHYSICAL SCIENCE,19-2099,1760,"PHYSICAL SCIENTISTS, ALL OTHER 
GS-801,Logistics Engineering Management,GENERAL ENGINEERING,17-21,GS-1530,"MISCELLANEOUS ENGINEERS, INCLUDING NUCLEAR ENGINEERS 
GS-Unknown,Expert,GSUnknown,-,GS-Unknown,GS-Unknown,GS-Unknown
GS-Unknown,Consultant,GSUnknown,-,GS-Unknown,GS-Unknown,GS-Unknown
GS-899,Student Trainee (Engineering),CHEMICAL ENGINEERING,17-2041,1350,CHEMICAL ENGINEERS,
GS-1399,Student Trainee (Physical Science),PHYSICAL SCIENCE STUDENT TRAINEE,19-2099,1760,"PHYSICAL SCIENTISTS, ALL OTHER 
GS-0602-0,Medical Officer (Aviation Medicine),PHYSICIAN,29-1060,3060,PHYSICIANS & SURGEONS,
GS-0602-0,Medical Officer (Occupational Medicine),PHYSICIAN,29-1060,3060,PHYSICIANS & SURGEONS,
GS-0602-0,Medical Officer,PHYSICIAN,29-1060,3060,PHYSICIANS & SURGEONS,
GS-0180-0,Psychologist,PSYCHOLOGY,19-3030,1820,PSYCHOLOGISTS,
GS-0401-0,Biological Scientist,GENERAL NATURAL RESOURCES MANAGEMENT AND BIOLOGICAL SCIENCES,19-1020,1610,BIOLOGICAL SCIENTISTS,
GS-0403-0,Microbiologist,MICROBIOLOGY,19-1020,1610,BIOLOGICAL SCIENTISTS,
GS-0408-0,Ecologist,ECOLOGY,19-1030,GS-1640,CONSERVATION SCIENTISTS & FORESTERS,
GS-0413-0,Physiologist,PHYSIOLOGY,19-10,1650,"MEDICAL SCIENTISTS, & LIFE SCIENTISTS, ALL OTHER 
GS-0610-0,Nurse,NURSING,29-1141,3255,REGISTERED NURSES,
GS-0701-0,Veterinary Medical Officer,VETERINARY MEDICAL SCIENCE,29-1131,3250,VETERINARIANS,
GS-0690-0,Industrial Hygienist,INDUSTRIAL HYGIENE,29-9000,3540,OTHER HEALTHCARE PRACTITIONERS & TECHNICAL OCCUPATIONS,
GS-0410-0,Zoologist,ZOOLOGY,19-1020,1610,BIOLOGICAL SCIENTISTS,
GS-0430-0,Botanist,BOTANY,19-1010,1600,AGRICULTURAL & FOOD SCIENTISTS,
GS-0435-0,Plant Physiologist,PLANT PHYSIOLOGY,19-1010,1600,AGRICULTURAL & FOOD SCIENTISTS,
GS-0601-0,Health Scientist,GENERAL MEDICAL AND HEALTHCARE,29-1199,3260,"HEALTH DIAGNOSING & TREATING PRACTITIONERS, ALL OTHER 
GS-0630-0,Dietitian,DIETETICS  NUTRITION,29-1031,3030,DIETICIANS & NUTRITIONISTS,
GS-0671-0,Health System Specialist,HEALTH SYSTEM SPECIALIST,13-1111,710,MANAGEMENT ANALYSTS,
GS-0601-0,Expert (Health Science),GENERAL MEDICAL AND HEALTHCARE,29-1199,3260,"HEALTH DIAGNOSING & TREATING PRACTITIONERS, ALL OTHER 
GS-0601-0,Consultant (Health Science),GENERAL MEDICAL AND HEALTHCARE,29-1199,3260,"HEALTH DIAGNOSING & TREATING PRACTITIONERS, ALL OTHER 
GS-0699-0,Student Trainee (Health Science),MEDICAL  HEALTH STUDENT TRAINEE,29-9000,3540,OTHER HEALTHCARE PRACTITIONERS & TECHNICAL OCCUPATIONS,